method,false_positive_cost,false_negative_cost,expected_cost
quantile_99,1.0,1.0,59.0
median_std,1.0,1.0,35.0
mean_std,1.0,1.0,37.0
median_mad,1.0,1.0,45.0
quantile_99,1.0,2.0,64.0
median_std,1.0,2.0,49.0
mean_std,1.0,2.0,51.0
median_mad,1.0,2.0,64.0
quantile_99,1.0,3.0,69.0
median_std,1.0,3.0,63.0
mean_std,1.0,3.0,65.0
median_mad,1.0,3.0,83.0
quantile_99,1.0,3.5,71.5
median_std,1.0,3.5,70.0
mean_std,1.0,3.5,72.0
median_mad,1.0,3.5,92.5
quantile_99,1.0,3.67,72.35
median_std,1.0,3.67,72.38
mean_std,1.0,3.67,74.38
median_mad,1.0,3.67,95.73
quantile_99,1.0,4.0,74.0
median_std,1.0,4.0,77.0
mean_std,1.0,4.0,79.0
median_mad,1.0,4.0,102.0
quantile_99,1.0,5.0,79.0
median_std,1.0,5.0,91.0
mean_std,1.0,5.0,93.0
median_mad,1.0,5.0,121.0
quantile_99,1.0,10.0,104.0
median_std,1.0,10.0,161.0
mean_std,1.0,10.0,163.0
median_mad,1.0,10.0,216.0
quantile_99,1.0,20.0,154.0
median_std,1.0,20.0,301.0
mean_std,1.0,20.0,303.0
median_mad,1.0,20.0,406.0
