observation_id,temperature,vibration,power,is_anomaly
OBS_0001,70.01994601495635,3.112705305207635,87.49763606773597,0
OBS_0002,76.47519530407494,3.464113090468053,99.05908894390846,0
OBS_0003,76.1295114848662,2.533516971811583,114.35739842871101,1
OBS_0004,72.09497666387972,2.6236279928839354,104.48930970537549,0
OBS_0005,69.33673243839887,3.068515504772986,101.6082379861126,0
OBS_0006,68.72385447609474,2.7099940240549634,92.74001589278572,0
OBS_0007,65.19931704759526,2.7649238234000904,83.22268248875655,0
OBS_0008,68.97545542071671,2.6493318762688625,94.81677186190295,0
OBS_0009,68.66545499167482,3.9933307686772737,106.26236471317127,0
OBS_0010,65.64503829755027,2.5704994320644734,96.36338268300801,0
OBS_0011,74.834651253096,3.1311891879896545,106.5306575249879,0
OBS_0012,69.2226690859424,2.727630403143712,91.32150037056508,0
OBS_0013,65.76512682129675,3.0769177643239587,101.36838242337684,0
OBS_0014,80.32012213593734,5.200954555192306,128.59255734883487,1
OBS_0015,76.0502680413929,2.962038606655837,105.40453541156624,0
OBS_0016,71.392423219647,2.7235430176287627,108.26151068505202,0
OBS_0017,68.60630530709173,3.0474232874055347,94.76576666859525,0
OBS_0018,66.19043016096562,2.6239016869943894,102.31390477837078,0
OBS_0019,77.05875672533841,3.2679935580270723,96.181565103138,0
OBS_0020,65.1236488742581,2.937470872119635,102.04830194226875,0
OBS_0021,68.6353594681195,2.9389278627068514,99.207513208264,0
OBS_0022,77.55523989337225,4.934180257982353,126.29759766018728,1
OBS_0023,78.74179821730984,3.82048834465484,104.02045895897481,1
OBS_0024,83.06119419651907,5.34436396626759,114.06900848742458,1
OBS_0025,74.24926789353367,3.903630977624279,108.23275848203946,0
OBS_0026,83.88783458260035,5.203052585327661,135.39996620831255,1
OBS_0027,74.10959361150222,3.1542614469122117,94.75441498183025,0
OBS_0028,69.98936578475382,2.667630144769101,102.20805445826997,0
OBS_0029,75.23059865509836,4.042923188662564,115.81655272333518,1
OBS_0030,66.27788544143044,2.575228189753127,94.07505013301306,0
OBS_0031,81.74462697364523,5.080925470808824,104.90916809891883,1
OBS_0032,72.99210745189187,2.864925048970588,93.92274044205641,0
OBS_0033,78.52166293149449,2.1827266248124273,107.44512009513343,0
OBS_0034,68.87865819344745,2.183349274788007,88.99661540576504,0
OBS_0035,72.55130507290966,3.034378012869697,88.45874838211925,0
OBS_0036,69.01150506602795,2.5905792164884645,102.30023558188809,0
OBS_0037,69.68821945068017,2.654828067419216,93.78300353966175,0
OBS_0038,71.21169099643043,4.40762556091555,121.94318643928626,1
OBS_0039,73.26364056261242,2.9000750757931626,112.29602877523546,0
OBS_0040,70.06732601542862,3.050742547620309,99.74511569761593,0
OBS_0041,69.43287390980034,3.1648062480622707,93.53242116696708,0
OBS_0042,71.76434226888156,2.8680443738422796,99.55960542383352,0
OBS_0043,70.6393705204389,4.685059891094912,122.85786069620062,1
OBS_0044,69.62929080831391,3.5093414785318133,125.83143159261101,1
OBS_0045,73.25131492504785,3.180384116483865,106.9714403400729,0
OBS_0046,65.97567320197912,2.5082301567605234,99.10588677058472,0
OBS_0047,69.15091298918675,3.056644361411329,99.9306777750286,0
OBS_0048,68.95683073313633,2.3671639524467523,85.79611650579646,0
OBS_0049,73.82592363599004,3.0095150380648064,85.61106230944806,0
OBS_0050,73.98645633718772,3.143089119458278,98.3226240947946,0
OBS_0051,72.64406057450445,2.7231676698240426,98.18927958852717,0
OBS_0052,73.31808601455037,2.318675459166534,98.55743740209134,0
OBS_0053,70.25920716141125,3.5179957411261866,102.65421846308179,0
OBS_0054,81.37142175688562,4.42696927902368,124.73356945884788,1
OBS_0055,80.89859034467904,3.7862116171274702,100.00824503833192,1
OBS_0056,67.49042927088796,2.8033527386582904,88.53929581193039,0
OBS_0057,64.019711872707,3.661592700864848,89.87024119792738,0
OBS_0058,61.79293885991243,2.7146484878228745,93.85355512113736,0
OBS_0059,71.0940784284383,3.0144680485408744,119.08459264695013,0
OBS_0060,62.57077639169452,2.82762241217317,84.92163792022207,0
OBS_0061,70.22309803804845,3.7664495411118692,106.9940186058955,0
OBS_0062,75.37538163442174,3.330421147831873,96.82045759141364,0
OBS_0063,68.36503108868767,3.1081241775178143,97.57544100357805,0
OBS_0064,77.65473689521892,4.003953415653578,120.51497830268934,1
OBS_0065,82.10988700035816,4.678607922139932,132.8119087343025,1
OBS_0066,63.6948252944307,2.6275916930033048,93.65131964700446,0
OBS_0067,73.70626802995818,3.353889853333537,106.34489562970437,1
OBS_0068,73.22572169590413,2.0616800202258063,110.46515663917901,1
OBS_0069,80.09423338371913,4.143611962703278,110.15700885713503,0
OBS_0070,55.906513113240784,3.1764446394081287,99.54744517509185,0
OBS_0071,66.86653850160016,2.372177891688809,96.02515267095404,0
OBS_0072,68.4626017633427,2.908818926223769,93.03499284660565,0
OBS_0073,74.79048652409449,2.464069089703371,94.18105694351456,0
OBS_0074,70.27774806319866,3.1896665359127683,106.14191066346561,0
OBS_0075,77.44981017872139,2.92175435447141,98.75745376139335,0
OBS_0076,79.29053103380545,4.2098010656453315,120.55258832275423,1
OBS_0077,71.46070056267803,2.7899040683909235,109.23943395583873,0
OBS_0078,65.8049710848672,3.5590952914509293,102.53779366448096,0
OBS_0079,74.94034701248097,4.133815756252007,115.01657656782595,1
OBS_0080,69.95716367594413,3.7152619956797057,113.01959802318761,0
OBS_0081,75.41993855018717,3.892322596408869,114.9499085754355,0
OBS_0082,68.65761680970053,2.374083063570981,97.26636747469891,0
OBS_0083,81.04544406717186,4.827601188151918,136.73530833116894,1
OBS_0084,70.30517941879266,3.183988614153061,99.42482979936169,0
OBS_0085,70.24691552310195,2.9929041688342557,105.70707615780631,0
OBS_0086,75.87764232091764,3.3262033891651885,98.67822965780044,0
OBS_0087,69.65701072982513,2.1905764234923963,103.8779390961303,0
OBS_0088,70.26156659989223,3.3174827345457247,95.08619304749796,0
OBS_0089,66.69054069308031,3.1896878758355878,88.33484985920356,0
OBS_0090,76.9325424633561,3.2325056193019286,85.33741925907873,0
OBS_0091,68.14674127088594,2.809939077738451,108.43173690634202,0
OBS_0092,78.00152034441592,5.066018810404142,118.08399198422303,1
OBS_0093,68.7961958191992,2.965681390687766,89.4340392896068,0
OBS_0094,69.77734036432291,3.0059191413366158,96.82056218149313,0
OBS_0095,69.58947612170556,3.508383624899367,96.78453049436983,0
OBS_0096,67.23617473428239,1.8716850364693576,84.80734045450771,0
OBS_0097,68.91390751215572,2.6659882529915677,103.81757621165107,0
OBS_0098,73.54562371466855,2.7417808163456274,106.05124722250936,0
OBS_0099,72.07740698862695,2.8022339639943015,99.38428142567939,0
OBS_0100,70.44621841932715,3.01868030976434,109.60081309177355,0
OBS_0101,72.27570336014442,3.223476808093937,105.52222013028255,0
OBS_0102,67.29858223966176,3.01791049376717,96.62480680737261,0
OBS_0103,82.8420063374734,2.684682774986689,124.30863636072415,1
OBS_0104,71.94518501345115,3.1952153220242003,96.80721255890654,0
OBS_0105,66.31671824336512,3.1152760591166344,102.05253046311856,0
OBS_0106,71.83574762053975,3.1006545272265473,94.56443864119754,0
OBS_0107,66.7550837665336,3.1274320526742025,99.8609189854682,0
OBS_0108,70.63397594309862,2.874717393114198,100.65217596763856,0
OBS_0109,72.08207401423772,2.9697585746908413,88.95472394329789,0
OBS_0110,65.47127085916006,2.1467737286296757,86.9724395136197,0
OBS_0111,69.61183599848505,3.6638094021074843,93.33999665153495,0
OBS_0112,72.50671240609272,3.992923757292367,103.97936113041187,0
OBS_0113,74.4558274010881,4.315659464899781,117.86447240275548,1
OBS_0114,77.68121339242816,3.5833524187135044,125.05590389412612,1
OBS_0115,70.74765606812267,3.024825392346057,101.84334098981016,0
OBS_0116,76.8883520070927,3.8501221442267113,106.31281718643466,0
OBS_0117,70.6524312922485,2.799363063444243,97.06862888697836,0
OBS_0118,65.09178715761362,2.3865656319919903,103.7953390481663,0
OBS_0119,71.05655140913,2.6815315243127995,98.8563509350886,0
OBS_0120,63.959317823078905,2.195422194111,98.07446183588813,0
OBS_0121,68.93840798828815,3.511304217459732,105.19514479958322,0
OBS_0122,70.97059491200041,2.798838749405352,96.79587218043514,0
OBS_0123,76.95505288348153,3.3429092291444977,100.88459389698241,0
OBS_0124,82.15873875433343,4.760360212298384,133.7822893032194,1
OBS_0125,71.344782316382,3.004324674524063,92.29726077102295,0
OBS_0126,71.88908847950894,2.950792897645381,95.83839216162954,0
OBS_0127,77.69930878886231,3.8758175363532508,124.29322000198917,1
OBS_0128,74.3420608767263,3.504334297570842,101.72852583085876,0
OBS_0129,81.27170079134265,5.212649052685115,128.18985470663097,1
OBS_0130,65.03110315832376,2.810607487159809,78.5483537089439,0
OBS_0131,63.69497782743741,2.6436108122156945,86.93017657832186,0
OBS_0132,82.52789749024296,5.290036763653015,131.21299353493714,1
OBS_0133,69.79755172976557,2.915048646091141,107.82287667831969,0
OBS_0134,71.1839427180028,3.416655914243468,99.97569070670353,0
OBS_0135,68.69779125629758,3.1809162705457656,103.35758809404037,0
OBS_0136,75.56615021110031,3.720985591629333,96.96278785851165,0
OBS_0137,78.98065169918314,2.4819101331354947,96.39342816035247,0
OBS_0138,67.08568574665453,2.4623091896452474,106.88415414128335,0
OBS_0139,67.53553609539364,3.6005820680128595,121.14671850439383,0
OBS_0140,72.95473161623636,3.7520945080915356,116.36463940315213,0
OBS_0141,72.88633705994974,2.9823198985473027,97.6355964023643,0
OBS_0142,73.82116468573278,3.6871774520362024,111.01930035472854,0
OBS_0143,67.81503929969847,2.3661342830363203,95.31660426720947,0
OBS_0144,73.0184080293394,2.9845108426504674,95.51934536482065,0
OBS_0145,67.71633451077678,3.389854671359959,100.61869327244486,0
OBS_0146,66.60546902622978,2.4010784242578946,93.6686104593816,0
OBS_0147,67.87253038158514,2.4071594244970274,96.51246672687941,0
OBS_0148,65.38963758681204,3.998765006432001,112.25964630540382,0
OBS_0149,70.0181273809516,2.544492106665513,107.49439861208998,0
OBS_0150,65.70463791943726,2.465459156032102,98.32130733081598,0
OBS_0151,79.92869308514905,3.9139073921534484,102.71153375487371,1
OBS_0152,82.15924676443261,4.18794560630934,124.93286134679968,1
OBS_0153,68.7754688876878,2.252900460912798,96.5765130059952,0
OBS_0154,69.27173021778674,2.814608884617241,93.80421380986007,0
OBS_0155,69.99875414932,3.7783664228410756,106.67538369769954,1
OBS_0156,68.4688537111594,2.747397271341757,95.76388525563048,0
OBS_0157,68.84380820646115,2.6223406745200557,103.11537857604212,0
OBS_0158,69.09712919426457,3.074648691960223,106.46072504779033,0
OBS_0159,77.88751086493117,3.34293472525179,111.54865019755002,0
OBS_0160,69.65586476619355,2.9410482634209716,97.15919636263624,0
OBS_0161,73.95696670334915,2.7719208709841023,89.10258668915371,0
OBS_0162,71.82396023919394,3.4481984189326553,115.65275512769801,0
OBS_0163,68.35825874581762,3.120538773754414,104.20307078998216,0
OBS_0164,69.5491295535763,2.4688256087908185,89.42827210847622,0
OBS_0165,67.98154807898597,3.1556025599083544,87.01612309155966,0
OBS_0166,63.456472526035505,2.35825647601735,102.36086600930335,0
OBS_0167,68.46438622987635,3.0152925414539973,103.6606263584646,0
OBS_0168,63.93467950828946,3.743904735559016,110.7607821954241,0
OBS_0169,77.6621842664987,3.228126963190321,106.13218335379872,1
OBS_0170,69.07475334161315,2.7418993303979025,98.16901406807557,0
OBS_0171,68.85880491713364,3.403773957159335,100.1158025869321,0
OBS_0172,72.00177838195734,3.226888914476328,111.53452914794158,0
OBS_0173,71.68024411051617,5.359692451690969,120.61503687120629,1
OBS_0174,70.24401844126552,2.99590595704153,110.8886999763542,0
OBS_0175,65.94028811303329,3.3931655987577027,93.37151526635853,0
OBS_0176,63.71148778102463,2.11316069114652,83.63397103870479,0
OBS_0177,69.05111676129161,2.492683224538073,86.08984961792788,0
OBS_0178,77.70091255968637,2.849152608921639,82.00833384649678,0
OBS_0179,71.33793694370284,3.7876104975929543,97.55077437530461,0
OBS_0180,70.62717666764459,3.746845735831355,95.6342543957775,0
OBS_0181,69.87308787234522,3.4526785422258133,84.95943024705332,0
OBS_0182,71.52408217050032,2.989538367095598,103.03031021832226,0
OBS_0183,76.67080283206549,4.401654257516592,119.97460055252859,1
OBS_0184,69.95488437868812,2.888111157538218,124.45038513785539,0
OBS_0185,72.96335237021191,3.9961122632533637,122.37531989054457,0
OBS_0186,69.11436736491162,2.4066472828575804,91.66647761746302,0
OBS_0187,58.75637656477367,3.2334982987122802,87.9503760528054,0
OBS_0188,64.07465774631805,2.46350429509806,90.8296940865394,0
OBS_0189,73.56648441070362,3.244463934650539,105.92318921549335,0
OBS_0190,73.88491546960701,2.695429681284694,100.27254162544538,0
OBS_0191,72.3276655079518,3.7896565526658903,105.02804084770062,0
OBS_0192,77.6958504582345,4.502534996893126,125.73132949872371,1
OBS_0193,68.62344129554471,3.254218574031505,110.33737787874068,0
OBS_0194,70.39239024419034,3.6541589398594243,118.5280492700159,0
OBS_0195,72.80894278467647,3.2840777769024396,96.99161714085544,0
OBS_0196,67.84792813192551,3.1605651438523448,106.63658603327109,0
OBS_0197,70.2689455849797,2.2904880120639532,81.53181482035714,0
OBS_0198,71.15619497173415,3.1572896382224083,110.04099821528176,0
OBS_0199,69.49092767002243,3.4432264667357573,121.61563717338986,1
OBS_0200,74.6325640973607,3.049736267289383,101.84651342233657,0
OBS_0201,71.80257667235824,2.711916431860511,92.5746932877639,0
OBS_0202,70.80800098421909,3.6090209021493163,99.32978143882833,0
OBS_0203,69.36105733655691,2.8136820342797884,84.72872738407162,0
OBS_0204,67.67025192455645,3.407737837439913,102.97874835376916,0
OBS_0205,73.65292811884846,3.2876975694205854,94.12018747712203,0
OBS_0206,62.88056032459524,3.5869636107773717,100.83796183249684,0
OBS_0207,64.37219807312216,3.453400666829865,91.25353853154293,0
OBS_0208,65.86240103898815,2.486386473439506,98.50415928242766,0
OBS_0209,67.81778395732043,3.2445456305808675,96.14590107873786,0
OBS_0210,61.90484298379384,3.070794947252096,95.42368170167798,0
OBS_0211,78.60475330085067,5.223041321674194,122.03548631904007,1
OBS_0212,70.15159514634854,3.286287706471953,115.71519141473763,1
OBS_0213,85.86428438848316,4.253630698208496,121.91149057189399,1
OBS_0214,71.44713907556337,2.3312892083253876,99.14116879267551,0
OBS_0215,65.3577971519988,2.6495621424178175,96.45460308375955,0
OBS_0216,68.98826290948516,3.3127451354957134,112.42974994302736,0
OBS_0217,67.83573507895716,3.0309244900831334,109.0577138341543,0
OBS_0218,75.5583788772502,3.3681756340978968,104.54986749720493,0
OBS_0219,76.84495810801059,4.709898671254239,130.25738797297126,1
OBS_0220,64.52306545361876,2.1691917465684565,88.7145888975111,0
OBS_0221,66.44719302960607,2.3811502677224787,95.17355824319618,0
OBS_0222,76.5314179546107,2.9961149457155827,95.82491221242543,0
OBS_0223,70.07826289509748,3.312773933781682,101.27268931678333,0
OBS_0224,65.29917005706079,1.7038840780507267,87.80420054827806,0
OBS_0225,70.21483194803314,3.4553366555294684,93.69462598484853,0
OBS_0226,72.441673866161,3.6966604944832406,101.6036796121595,0
OBS_0227,67.66880576371804,2.5362633052142316,102.5758854536399,0
OBS_0228,71.66757087015846,2.547544999559256,99.63941480816149,0
OBS_0229,74.1559438573256,3.1068063991525583,100.36025346537183,0
OBS_0230,72.55095918151686,3.395425408964752,103.63606743540839,0
OBS_0231,67.3641033226904,2.739819313184139,94.80503310967858,0
OBS_0232,63.67970968553179,2.7764611755500512,98.80183162775039,0
OBS_0233,72.51836065164336,3.7149960734643126,113.48774555237941,0
OBS_0234,69.71839468282653,2.8412610377709084,104.96320146140238,0
OBS_0235,78.12734897535445,3.586097358977277,112.2157872709939,1
OBS_0236,63.34993008877093,2.8394312130686843,89.18653490514619,0
OBS_0237,64.52213354061574,2.386774337800916,102.48940246093365,0
OBS_0238,68.67288777184433,2.7230983742900388,92.86850311840618,0
OBS_0239,73.3323630228025,2.921930807839724,106.80850498772746,0
OBS_0240,63.42907510532271,2.714763943507041,88.3627774716602,0
OBS_0241,83.22736329282401,4.434521341517206,114.49263695401591,1
OBS_0242,70.90068910696317,2.8000055198413327,104.32236069591252,0
OBS_0243,71.06042326773053,3.379268866280085,99.07125660412356,0
OBS_0244,64.76624447192286,3.5021850644315875,114.14091655321216,0
OBS_0245,65.84680973395699,2.585487175733844,87.54560601115551,0
OBS_0246,68.50781549542714,2.855929365102124,96.86963039837048,0
OBS_0247,81.24863584685295,4.245499706792675,109.5894237767342,1
OBS_0248,68.88536819463876,2.424565956199759,84.85300715878101,0
OBS_0249,67.26644238025298,2.101651957479772,89.50321258952036,0
OBS_0250,63.86475643510141,3.4168976454290356,101.8323206457254,0
OBS_0251,60.608206919550184,2.429393037894822,96.79083896407182,0
OBS_0252,65.56214597998485,3.357219561703717,102.42910313704715,0
OBS_0253,63.898321023567355,2.948256617250563,87.70864094881547,0
OBS_0254,82.70660753436769,4.371255659694697,133.80017777924266,1
OBS_0255,69.41036956714362,2.8290768205602483,100.16009418847607,0
OBS_0256,67.6121448928325,3.392825733633391,96.76271250625798,0
OBS_0257,70.01235782689331,3.617925427609376,100.89028431013666,0
OBS_0258,74.25319053983847,3.6031379181654906,112.52494038571142,0
OBS_0259,63.642845495876976,2.8175276263959583,96.01022666472382,0
OBS_0260,73.06561391862466,3.907516492561217,106.51760434711488,0
OBS_0261,73.0391249690031,3.593702693915519,114.14801240186895,0
OBS_0262,73.53559500923996,2.7494739471015803,89.75313140741164,0
OBS_0263,86.36591811940839,5.6232620993843865,130.37680091813138,1
OBS_0264,71.97861790506,3.148076278535869,111.58905223478321,0
OBS_0265,76.14688523569116,3.5402178227033496,104.6900696728854,0
OBS_0266,81.81375783779099,4.783005121522054,119.02367348115044,1
OBS_0267,68.46041168990055,2.869546778748194,104.46702077061639,0
OBS_0268,70.23318144100595,3.3787519497920804,92.27738510169243,0
OBS_0269,69.54424901519475,3.09301733381145,114.03052583077496,0
OBS_0270,67.5810301335874,2.580876148551934,89.60465128412457,0
OBS_0271,71.73333360045923,3.637675820402112,96.55499112369083,0
OBS_0272,68.6230499568517,2.4724471527331526,86.65624642760528,0
OBS_0273,72.66470724272048,3.636991091262401,106.57629862735524,0
OBS_0274,72.73337617649466,2.8657682006854484,107.87360300278195,0
OBS_0275,74.24693468615325,3.4520257964272787,83.18047999259812,0
OBS_0276,79.02985336834165,4.244131443562364,117.23559513854082,1
OBS_0277,73.46225600951672,3.094089399942592,104.13137646700613,0
OBS_0278,69.21171684515419,2.7537998486977675,94.54411894114743,0
OBS_0279,69.70397237601112,3.365220614994987,106.7703744156539,0
OBS_0280,75.58325318398634,4.019816769333981,120.62333766338756,1
OBS_0281,67.9686022637108,2.814100027167169,106.38767638912846,0
OBS_0282,74.57243555727028,2.9411092930816913,106.17325239731498,0
OBS_0283,68.59406168851804,2.288338728006646,85.52574460396949,0
OBS_0284,75.90893044582685,3.2404535808142017,94.17930981244535,0
OBS_0285,66.45913047412081,2.7589987745940503,112.2489830007038,0
OBS_0286,71.64295036814754,4.109431122808915,107.63909604791915,0
OBS_0287,65.63145703290861,2.832535369638039,102.71034898850027,0
OBS_0288,78.27008068278597,3.0829114902510693,95.51469182349577,0
OBS_0289,67.90465080653745,2.6370027371671454,95.23983169777469,0
OBS_0290,71.94250368647404,3.3982557577718993,102.71629925835714,0
OBS_0291,67.45401074873244,3.4755589684817534,101.72866741736043,0
OBS_0292,66.38861489901811,3.6236291332789476,101.99329716406284,0
OBS_0293,65.99562543669097,2.840348483493748,88.3863614296091,0
OBS_0294,67.41428745410626,3.509891326232343,98.52075876361019,0
OBS_0295,69.57861133894237,2.9551393949225115,103.44831219253192,0
OBS_0296,65.0990704421248,2.7277320496983295,95.14964510591666,0
OBS_0297,89.18176430608571,4.058045414674728,122.89043545265186,1
OBS_0298,76.05595006037107,3.2296016566152312,102.4860048756622,0
OBS_0299,78.09911680723195,3.2745353841248095,115.74883663213981,1
OBS_0300,70.83687065022427,3.8809953509629724,109.03416736906182,0
OBS_0301,66.50479645443468,2.5897866005611476,103.1128382623077,0
OBS_0302,79.07484910021638,3.8399411138023156,116.62700376701835,1
OBS_0303,84.17532318290532,5.361699134690028,122.31027888457557,1
OBS_0304,90.48309420472918,5.496231177793836,127.79192501438114,1
OBS_0305,68.18371898500641,2.462986252955672,88.72493877951538,0
OBS_0306,66.55423216111394,2.396470143269414,82.13275533036288,0
OBS_0307,72.59140315003683,2.4150676130278277,124.0268738403373,0
OBS_0308,71.27566030598548,2.7387580282480424,94.68242361654879,0
OBS_0309,72.77134273061056,3.583198611839811,105.8970873750159,0
OBS_0310,60.52052537699974,3.10360338502592,98.82014415024861,0
OBS_0311,65.22935312423499,2.5313213509448516,92.03192497938808,0
OBS_0312,77.40228755192446,3.7630080686758274,114.90544430547747,1
OBS_0313,71.24656847129205,3.3643288490060113,93.08911203887885,0
OBS_0314,78.66976090339239,3.3041072634655846,99.26541418381953,0
OBS_0315,68.50222470602635,3.158064139957553,93.47372309780982,0
OBS_0316,71.69470960780336,2.6445564286241647,85.35772177361835,0
OBS_0317,64.71660107084331,3.000730681889718,110.5211434592466,0
OBS_0318,65.72557985473588,2.7746288001981845,99.36952598856917,0
OBS_0319,73.741452661073,2.963698390111557,106.1924935589675,0
OBS_0320,78.02859382064942,5.056281683209187,118.4833691469812,1
OBS_0321,66.39353565812331,2.8929748648999025,98.46257259748052,0
OBS_0322,68.56528371158669,2.1886382667157096,95.22745465082687,0
OBS_0323,72.96267181885027,2.9374599528733687,104.19830929541912,0
OBS_0324,67.26288658130152,2.580346138634728,88.64154149131515,0
OBS_0325,70.9325750022408,3.3051053015759293,99.54746321649371,0
OBS_0326,72.9779617031154,3.165812836811965,102.84898835522921,0
OBS_0327,71.29042691933684,2.97718520736967,98.51271601544656,0
OBS_0328,61.26184796614123,2.7488436201705166,96.59626919995692,0
OBS_0329,67.60245001865086,4.10510057917498,101.97375291576759,0
OBS_0330,69.3672621698401,2.7965289721981965,103.66852743640766,0
OBS_0331,67.89628186343057,2.343719316448824,102.59645825094884,0
OBS_0332,62.33761112512411,2.4074302520324014,94.54330345217573,0
OBS_0333,67.72929567480648,2.1424910553580165,89.47995709753009,0
OBS_0334,73.94672609067177,2.8114389298599494,95.58417341544508,0
OBS_0335,68.88443495219902,2.92241344297684,109.11606251965415,0
OBS_0336,90.85606065310989,4.901628403743918,139.9284004361743,1
OBS_0337,69.32121717355486,2.8270426217192104,98.81206433829769,0
OBS_0338,71.65653177124322,3.732702203475381,108.0453222874748,0
OBS_0339,68.22385762249812,2.964833402996032,102.63125942805458,0
OBS_0340,74.87113260447968,3.529304560977004,102.8225978596207,0
OBS_0341,69.16308440838117,3.4408325406130746,99.78536166155158,0
OBS_0342,81.59031628171579,3.9043159412303914,130.55801297267675,1
OBS_0343,69.34937885941707,3.0309198268254236,104.73639994988308,0
OBS_0344,71.52488352970346,2.212752226942861,100.80893950001686,0
OBS_0345,68.55229136904009,3.184789783644781,91.79247262622337,0
OBS_0346,78.7219151205371,4.889835477948441,132.2586740720961,1
OBS_0347,75.14999197334687,4.396040202351763,133.06959891704386,1
OBS_0348,67.93791589686441,2.809437360375843,99.80571930783269,0
OBS_0349,74.2381484153881,3.0648077735887487,116.78687784350262,0
OBS_0350,71.76204981482644,3.432479594862493,106.81897121371526,0
OBS_0351,70.39440506616893,3.4120127210923172,110.50693031672579,0
OBS_0352,66.14193323983756,2.660200232104587,101.25018172838817,0
OBS_0353,72.5820744850247,3.2669883290644126,104.90584093141403,0
OBS_0354,78.84978516967345,4.083707952657683,101.73119762230604,0
OBS_0355,79.52994381192993,3.1879705019300646,114.60789921641896,1
OBS_0356,70.85557248701974,2.405992598329881,97.13149296615427,0
OBS_0357,68.83877004492687,2.4739536284264845,91.97318933166707,0
OBS_0358,67.98836663484627,3.260558732062997,106.68512433960683,0
OBS_0359,75.67255407345334,3.533454523809829,107.50610037984184,0
OBS_0360,74.90644918663159,3.2290558421542546,103.14008255136278,1
OBS_0361,68.76893477217676,2.2558513952786132,93.27305995483871,0
OBS_0362,82.9059354095489,3.515209167080722,139.04762922763473,1
OBS_0363,70.06214042474939,3.1518002323751557,102.4002900983255,0
OBS_0364,65.56220201964047,2.570436962135809,97.61773091180652,0
OBS_0365,67.631781486473,3.2724751242358847,94.77996745587001,0
OBS_0366,67.77851275937728,2.196571448039146,100.25426697563152,0
OBS_0367,75.15350513687133,4.3102275472689815,97.71375838408956,0
OBS_0368,71.91705117861791,3.4855714321624176,97.77392332492542,0
OBS_0369,74.58637698520968,3.1366520778045555,87.30899054804023,0
OBS_0370,70.89317254255015,2.618755055618929,100.06817964802518,0
OBS_0371,68.19136270888706,3.775169901789747,108.01189898935155,0
OBS_0372,68.10946479971248,2.935683369352843,106.51455138871651,0
OBS_0373,70.4139343581699,2.683399139400856,94.44831423783955,0
OBS_0374,70.45218073342923,3.6627090260654245,93.5887276433789,0
OBS_0375,68.90050194189676,3.0006517634055494,99.92580132367279,0
OBS_0376,64.20752707201433,2.548348929122343,114.52181668081344,0
OBS_0377,69.74517871761326,4.24381066382063,112.03896824083907,1
OBS_0378,70.19222672939725,3.6087071585450037,93.09279092315958,0
OBS_0379,69.31979359883134,3.1377370877074755,98.16864939754235,0
OBS_0380,74.37502964691025,3.838234046958975,108.64621139133827,0
OBS_0381,72.62901690914373,4.037914159141363,109.4874514725861,1
OBS_0382,68.37893361897464,1.9807384790365745,108.48266563712431,0
OBS_0383,65.62977920721583,3.4161144314847167,81.58623989132887,0
OBS_0384,84.59653573126138,5.157418219952667,130.4556981118734,1
OBS_0385,76.84397437679853,3.473844976385095,119.8761125157555,0
OBS_0386,73.48280726407243,3.4184776806727806,117.34595435233535,0
OBS_0387,68.24315170728724,3.4082092170686633,110.12700668700468,0
OBS_0388,74.19955086675085,3.279505822225608,97.71677206039917,0
OBS_0389,70.18935450703644,3.5632591703449283,95.61581317184095,0
OBS_0390,71.27459586881145,4.187615151688878,108.348379528142,1
OBS_0391,64.4973504401738,2.358837728016687,97.62429476110357,0
OBS_0392,70.95443013995308,3.213287792295148,96.27360388623539,0
OBS_0393,68.79579148048668,2.964108045950235,108.79001828487628,1
OBS_0394,70.95357158235652,3.054123337465239,111.19573945564775,0
OBS_0395,83.24623191080573,5.396029069235592,135.1126303316314,1
OBS_0396,67.88763971133682,2.0042132735427236,106.32097708015498,0
OBS_0397,68.50840239660651,3.7873804104583026,120.53442428250843,0
OBS_0398,86.58085009632319,4.281090280905227,120.55304917263253,1
OBS_0399,67.35909972100771,3.5276879661886347,109.68409564717716,0
OBS_0400,77.2424132015557,3.408397842951717,124.21403706077145,1
OBS_0401,72.0214594338048,2.9091708618848218,80.38125747406622,0
OBS_0402,68.34069271173601,3.7270323997913466,99.74058069733569,0
OBS_0403,72.20436191494272,2.660602597612319,105.13241798887583,0
OBS_0404,59.37995871218746,2.7946302520165895,92.56179082629042,0
OBS_0405,70.50190378893012,3.1283858757373735,103.59757906913369,0
OBS_0406,69.73522099352557,3.2494552853051037,102.7240719345528,0
OBS_0407,74.50575557588196,3.3148259672231304,105.17874759167324,0
OBS_0408,73.18207532200238,3.2483412077644873,107.55516631765191,0
OBS_0409,73.6840836634303,2.9481000246735527,95.23285704348181,0
OBS_0410,67.0680195351637,2.5471494969330464,83.40221727989041,0
OBS_0411,81.54310013862161,4.718029676120998,123.46035040384886,1
OBS_0412,74.41485240253354,3.3022161729621105,100.80441658593746,0
OBS_0413,60.95344217785258,2.619173477982982,90.47968057823849,0
OBS_0414,75.90872078545499,4.284193511937899,106.50406839446595,1
OBS_0415,72.11075457106975,3.2539035101642426,101.95387702555497,0
OBS_0416,71.0484125144527,3.494691052507701,96.05059968607046,0
OBS_0417,68.24731599989678,3.8482269791179036,116.79783317780588,0
OBS_0418,66.67638812249187,3.468702666581149,105.17384606892251,0
OBS_0419,76.31372622251129,3.9373812612636683,96.70115934150668,0
OBS_0420,87.31615184622204,4.792363849131955,113.93203421781449,1
OBS_0421,70.71063211600995,3.5086894232512966,99.75126238059777,0
OBS_0422,69.98964150115015,3.706462826236179,119.17152558823159,0
OBS_0423,70.99768919294266,3.045632213892269,116.86677582711097,0
OBS_0424,71.66836219069704,2.641372831750267,100.947948722348,0
OBS_0425,68.60654287436172,3.3867659544487654,92.08551443005878,0
OBS_0426,62.61240874352369,3.1463627781559182,103.43774409143757,0
OBS_0427,67.52011923562725,2.56186334162483,98.23414515829849,0
OBS_0428,66.24874435480962,2.5811502243938786,106.63605038406666,0
OBS_0429,80.5344770817685,5.794158621052896,122.76218086587153,1
OBS_0430,71.6026266687426,3.5679962824478566,89.37777853630202,0
OBS_0431,71.08542041005882,2.8692622020821177,91.74099059392505,0
OBS_0432,62.04798733670799,3.0804445599330426,90.70320113789882,0
OBS_0433,80.16272054224211,5.133362877659648,122.41708416604362,1
OBS_0434,71.22924849707314,2.8570550245387376,99.65071577454987,0
OBS_0435,89.74001421585835,5.315673730852134,114.5691626309834,1
OBS_0436,69.95906634130708,3.7276348002680244,107.65221270301835,0
OBS_0437,74.63206639734358,2.8689476622994947,100.68635498108895,0
OBS_0438,79.16411576300862,5.231807357351073,132.22669222537823,1
OBS_0439,69.65821486667765,2.690709245427429,92.82537935026299,0
OBS_0440,70.4229121544888,3.0209338816445093,105.74466668577175,0
OBS_0441,74.4616159210515,3.8817801134218093,105.81218206490679,0
OBS_0442,68.17681202361095,3.4980014542881324,95.08791012487613,0
OBS_0443,67.27369380562737,2.634218473213546,96.93844798719398,0
OBS_0444,73.74340884786105,3.433198447048419,106.66612036993511,0
OBS_0445,67.16605471986836,2.982515172662418,92.53454664871565,0
OBS_0446,70.40451152820656,3.080304606075165,93.49255058749539,0
OBS_0447,72.37896933875984,3.5574401936393323,97.19145581730237,0
OBS_0448,68.62832176057138,3.141317633006082,110.55127390867692,0
OBS_0449,73.8243063107559,3.1251281189266713,110.97501373875704,0
OBS_0450,71.82495048343335,2.070085957386906,109.11243464770945,0
OBS_0451,67.05734686029547,3.2674557307433894,101.50327802154872,0
OBS_0452,66.8009593567466,3.055093222053533,102.31424629333708,0
OBS_0453,73.6272554631928,3.501085485006489,109.17671094308324,0
OBS_0454,71.30203983948644,3.208924184998483,112.65103566552459,0
OBS_0455,75.09532326527545,3.699686964074459,92.35634514724377,0
OBS_0456,72.73135969490397,3.138655400866369,101.30185060534906,0
OBS_0457,68.95239718518485,2.4266164268243413,107.78822421255151,0
OBS_0458,70.14443870532918,3.235066967005077,97.25141570877125,0
OBS_0459,70.19377758134641,3.8057993561338526,102.77425715652817,0
OBS_0460,78.64904661393639,3.983272802624285,116.56482730430321,1
OBS_0461,71.69934771508426,3.1028138226984434,103.56877120267735,0
OBS_0462,70.58056475171345,2.30408320978492,103.92565175475012,0
OBS_0463,74.27236919487879,4.1828095112618735,99.94344183056103,0
OBS_0464,83.19634036166347,4.997156633743115,145.59387558597751,1
OBS_0465,61.183328709430505,1.6958679380847024,81.5129851391246,0
OBS_0466,79.72218851692938,5.099821686215559,112.13893270302563,1
OBS_0467,74.75015845198253,3.6226071045544734,112.01605085044329,0
OBS_0468,57.5221895669236,2.506533798914993,92.28005212679976,0
OBS_0469,84.88350345092068,4.11897463422297,139.7562033046948,1
OBS_0470,71.00234074313033,2.703218901809933,88.57507816444539,0
OBS_0471,87.53224802198181,3.8458743081959863,117.42489669987651,1
OBS_0472,82.0040347236041,4.088965053350823,129.45078297073908,1
OBS_0473,76.2947139998009,3.513874114942512,103.85082318672323,0
OBS_0474,71.72624126760566,3.0030273294292256,105.96758071067205,0
OBS_0475,68.24703224865347,2.8317120301930534,74.05711007728411,0
OBS_0476,72.26399731383209,2.622023324207177,107.1206816596334,0
OBS_0477,67.51777232455677,2.4428872721975714,92.16105489932237,0
OBS_0478,71.22136628260722,2.7993382300450897,93.6503082477825,0
OBS_0479,76.40731202741465,3.753890241715589,100.18683310957746,0
OBS_0480,74.07004518724912,2.939379676670464,98.67064227508821,0
OBS_0481,78.20882401006278,2.714471802635152,109.0064757495383,0
OBS_0482,74.80922855900116,4.8347708205092115,109.76637469713661,1
OBS_0483,80.82964164679221,3.7720305519963526,128.6945727221234,1
OBS_0484,68.11063803546249,3.0804982912118204,98.95916293671958,0
OBS_0485,61.69698466140757,2.077715062682353,87.33998219698708,0
OBS_0486,68.80263306465852,2.543011129195113,97.03591502413158,0
OBS_0487,80.12263154389206,3.3746109587604174,106.57578073665779,0
OBS_0488,66.908253712967,3.1909065509812606,115.15892199041207,1
OBS_0489,74.54635244805853,3.9521876378341094,120.03549493694436,1
OBS_0490,63.68778939528044,2.3828560152479348,96.89478923530473,0
OBS_0491,63.54354067377375,1.7543001218174166,78.04602989738112,0
OBS_0492,73.05906484315933,2.9751037186379397,100.1226626740094,0
OBS_0493,71.02114217812766,2.938839693623943,101.76298301350944,0
OBS_0494,69.20099733610192,3.016961944683686,100.25553033268046,0
OBS_0495,72.45904753591076,3.8767960104672916,100.67924832316781,0
OBS_0496,69.91153446704564,2.173727147107962,90.8890889872246,0
OBS_0497,76.72897993787178,3.4310277265015876,108.57630484575566,0
OBS_0498,63.651305432658006,2.7694837613377064,109.41181094125615,0
OBS_0499,68.35651598975788,2.9332675436953823,111.25545171338212,0
OBS_0500,64.73195580155196,2.4687575727616,88.48653410979813,0
OBS_0501,72.9445499095879,3.0854574399403276,108.3909406995441,0
OBS_0502,73.21264433707995,2.9964277400062045,112.03758487416194,0
OBS_0503,67.098276594105,2.259355959226554,96.31530582814803,0
OBS_0504,67.29463126709412,2.559967192094325,93.7474044507436,0
OBS_0505,69.66928388811624,3.242413562205615,105.53127693136413,0
OBS_0506,78.24280401429975,5.004711313842889,114.59438579958201,1
OBS_0507,75.33341422225337,3.1933926463903015,116.56009610612072,1
OBS_0508,68.627061910067,2.486150290130805,97.67990446393227,0
OBS_0509,66.78734008839659,3.836450102331889,111.84720136084032,0
OBS_0510,69.81676328933688,2.2052686726767834,100.4774843935037,0
OBS_0511,75.01290180416684,3.1846433229779625,100.39282981586004,0
OBS_0512,74.11030499393186,3.839695786001208,104.92191864291136,0
OBS_0513,68.80746637688902,2.706943798657904,106.23491323961333,0
OBS_0514,71.19077754203613,3.882497113049391,108.00039858210984,0
OBS_0515,66.47199124299745,2.7694080781379617,103.6096730356567,0
OBS_0516,71.18788813928894,2.600863628388338,102.13600932149873,0
OBS_0517,65.17159503032619,3.397376016214565,99.406522915483,0
OBS_0518,73.09907595164674,3.330007407249197,88.96833095972352,0
OBS_0519,69.53536136650645,2.9967347966070106,113.33010987250378,0
OBS_0520,73.69186842037995,4.193494288293423,109.79424983118048,1
OBS_0521,80.3758098167695,4.835432297718172,121.77042212823675,1
OBS_0522,75.96596772857747,3.7658256741204035,101.99992537331521,0
OBS_0523,71.88201348516218,3.1066513684493464,105.13745484922646,0
OBS_0524,64.75391529373655,2.502914557186766,91.87825456833629,0
OBS_0525,72.23859107329906,3.121191662651811,108.02843617595505,0
OBS_0526,61.39121556683038,2.5724929702048027,84.33899251600536,0
OBS_0527,69.61493581742164,2.978843606956687,99.76692638201499,0
OBS_0528,69.66139214762107,3.2819041374962117,97.29444042452563,0
OBS_0529,68.33886286402218,2.0988189163671294,98.98235715918668,0
OBS_0530,73.42016998086834,3.3336065477917693,98.25540807975779,0
OBS_0531,65.90473400567451,3.3879512700672474,88.85454142882301,0
OBS_0532,74.14602310983362,3.310470134534969,96.80423368121338,0
OBS_0533,73.46565423876467,2.362560272872634,82.40634556833618,0
OBS_0534,63.78398003607444,2.7437130755834533,102.56611921203567,0
OBS_0535,65.28281700884904,2.184492475481927,97.81204663363252,0
OBS_0536,80.27070864419512,4.441766633912239,117.83019088779913,1
OBS_0537,70.73705962189923,3.0941406539177136,110.14357460855484,0
OBS_0538,68.62294520577154,2.790324691173776,105.45981019577808,0
OBS_0539,68.89488979852749,2.9576452092847494,95.41184203816539,0
OBS_0540,67.74250930099429,3.2255645978502496,101.27664410863201,0
OBS_0541,71.7424737312826,3.1006098124959713,94.24846120555617,0
OBS_0542,70.6887885482705,3.3730450948754225,102.31059756950089,0
OBS_0543,65.70454643497818,2.76271215932898,85.93588152096568,0
OBS_0544,61.325921523145574,3.1234370450091475,93.8924386575768,0
OBS_0545,72.0097914814447,3.331472092614845,121.72229845865625,1
OBS_0546,70.96727190890847,3.927857112120321,107.04198562094338,0
OBS_0547,74.61126000356983,3.235523562398805,109.71093798960024,0
OBS_0548,73.25419204131545,3.582660566149018,102.30454119347395,0
OBS_0549,84.82979716254461,3.7847817305692155,121.27436299468589,1
OBS_0550,65.91107953589778,2.7758363028176833,118.74185726653894,0
OBS_0551,75.83952456730954,3.6155016934546538,113.19075090264143,0
OBS_0552,73.11120904696016,2.49183579428859,91.36121211008434,0
OBS_0553,72.60158052361518,2.655506192179182,82.19878999770566,0
OBS_0554,69.18801331249229,2.730964238565332,102.42732182120473,0
OBS_0555,73.63395183288303,3.3847302802036507,99.30168728934612,0
OBS_0556,68.91760251267735,2.5081549490992745,112.59557182698735,0
OBS_0557,71.75517470587447,2.741833569111688,94.28813471611585,0
OBS_0558,71.73372946495411,4.4074070175035995,102.57351694761394,0
OBS_0559,69.5905267218785,3.69795912474291,103.06611100370617,0
OBS_0560,69.99940092809781,2.5130375800776577,109.4332092574034,0
OBS_0561,67.56199286322367,2.564073314500292,116.94179921202439,0
OBS_0562,79.16059216449754,4.225675405729479,143.15409266734383,1
OBS_0563,68.72855725899555,2.316986794139849,101.13140397747452,0
OBS_0564,85.74987068354997,2.970525754370498,110.23056461682314,1
OBS_0565,68.01100226772229,4.608370241633962,110.85058111570831,1
OBS_0566,73.37495917358844,3.248347702608481,108.60041432732129,0
OBS_0567,81.17469696969358,4.4784913111977795,123.1379174878724,1
OBS_0568,73.03196389361906,3.1171857696707344,104.81133397673361,0
OBS_0569,74.46174437962652,2.8811571710811106,106.67890394643639,0
OBS_0570,79.38922032569238,3.5081086591342583,112.2023189394591,1
OBS_0571,72.62943217986061,2.5685374771670317,110.07004037897994,0
OBS_0572,74.57800441759623,3.0428705268107175,95.88706170227634,0
OBS_0573,77.13424209538857,4.726764820304482,133.85889328910275,1
OBS_0574,74.58407949466586,3.0114514877737086,106.73001071900521,0
OBS_0575,71.74032414732355,2.6390841470352684,94.8256894969564,0
OBS_0576,69.46705978951874,2.4751523788665164,92.95478428232445,0
OBS_0577,70.82988949101723,2.3571510361036703,98.38948375403596,0
OBS_0578,74.95193695806456,3.118582474348474,97.19776100217507,0
OBS_0579,58.27058443557064,2.221226386865692,92.24043379808677,0
OBS_0580,72.05707554998642,3.838358800262714,107.02277028236611,0
OBS_0581,69.86167481970192,2.3293492665492184,99.12793061580872,0
OBS_0582,72.31356263373854,3.328162431080603,86.71413148544558,0
OBS_0583,72.76549758564953,3.4715851621984903,118.14619822750282,0
OBS_0584,72.78336424888565,2.8798527917535806,90.82098128803995,0
OBS_0585,77.20329984056714,3.370285646149031,99.97615811156753,0
OBS_0586,73.74147872288133,3.6516884267959187,118.36459880938816,0
OBS_0587,64.08958409343803,2.6789981999726042,104.22251742904666,0
OBS_0588,66.93035355056313,2.580067964493781,91.22781985738156,0
OBS_0589,71.25665589392794,3.3278818683947744,101.95259084320892,0
OBS_0590,71.39366855441885,2.810345183014509,99.9366637895227,0
OBS_0591,74.15808523534905,2.251461048879201,92.01760543238949,0
OBS_0592,67.47517442103354,2.7856619898534287,83.51895129718356,0
OBS_0593,63.93051130535824,2.171811954462788,96.43095823989583,0
OBS_0594,71.19151196987593,2.5284744983859846,108.53409783199633,0
OBS_0595,71.35177335701776,3.1987362659078284,113.64973231243317,0
OBS_0596,69.55191326099545,2.602902914888218,104.09924308401939,0
OBS_0597,64.14214299493321,2.302754209560959,92.9635107779345,0
OBS_0598,68.18083590024284,2.8454699693785805,102.02539964911465,0
OBS_0599,70.15385007647062,2.7842507608407803,120.4876024446367,0
OBS_0600,75.32562888250378,2.9883774558724125,101.73886750546343,0
